{
	"AlgoMap255BrLevel": {
		"sectionone": [0.006667,1.993],
		"sectiontwo": [0.05034,-194.6],
		"sectionthree": [0.01533518329,45],
		"sectionkeypoint": [4501,6848]
	},
	"LcmMapAlgoBrLevel": [
		[1,1],
		[2,76],
		[3,226],
		[4,376],
		[5,526],
		[6,676],
		[7,826],
		[8,976],
		[9,1125],
		[10,1275],
		[11,1425],
		[12,1575],
		[13,1725],
		[14,1875],
		[15,2025],
		[16,2175],
		[17,2325],
		[18,2475],
		[19,2625],
		[20,2775],
		[21,2925],
		[22,3075],
		[23,3225],
		[24,3375],
		[25,3525],
		[26,3675],
		[27,3825],
		[28,3975],
		[29,4125],
		[30,4275],
		[31,4425],
		[32,4511],
		[33,4531],
		[34,4551],
		[35,4570],
		[36,4590],
		[37,4610],
		[38,4630],
		[39,4650],
		[40,4670],
		[41,4690],
		[42,4710],
		[43,4729],
		[44,4749],
		[45,4769],
		[46,4789],
		[47,4809],
		[48,4829],
		[49,4849],
		[50,4868],
		[51,4888],
		[52,4908],
		[53,4928],
		[54,4948],
		[55,4968],
		[56,4988],
		[57,5008],
		[58,5027],
		[59,5047],
		[60,5067],
		[61,5087],
		[62,5107],
		[63,5127],
		[64,5147],
		[65,5166],
		[66,5186],
		[67,5206],
		[68,5226],
		[69,5246],
		[70,5266],
		[71,5286],
		[72,5305],
		[73,5325],
		[74,5345],
		[75,5365],
		[76,5385],
		[77,5405],
		[78,5425],
		[79,5445],
		[80,5464],
		[81,5484],
		[82,5504],
		[83,5524],
		[84,5544],
		[85,5564],
		[86,5584],
		[87,5603],
		[88,5623],
		[89,5643],
		[90,5663],
		[91,5683],
		[92,5703],
		[93,5723],
		[94,5743],
		[95,5762],
		[96,5782],
		[97,5802],
		[98,5822],
		[99,5842],
		[100,5862],
		[101,5882],
		[102,5901],
		[103,5921],
		[104,5941],
		[105,5961],
		[106,5981],
		[107,6001],
		[108,6021],
		[109,6040],
		[110,6060],
		[111,6080],
		[112,6100],
		[113,6120],
		[114,6140],
		[115,6160],
		[116,6180],
		[117,6199],
		[118,6219],
		[119,6239],
		[120,6259],
		[121,6279],
		[122,6299],
		[123,6319],
		[124,6338],
		[125,6358],
		[126,6378],
		[127,6398],
		[128,6418],
		[129,6438],
		[130,6458],
		[131,6478],
		[132,6497],
		[133,6517],
		[134,6537],
		[135,6557],
		[136,6577],
		[137,6597],
		[138,6617],
		[139,6636],
		[140,6656],
		[141,6676],
		[142,6696],
		[143,6716],
		[144,6736],
		[145,6756],
		[146,6775],
		[147,6795],
		[148,6815],
		[149,6835],
		[150,6879],
		[151,6946],
		[152,7011],
		[153,7076],
		[154,7141],
		[155,7207],
		[156,7272],
		[157,7337],
		[158,7402],
		[159,7467],
		[160,7533],
		[161,7598],
		[162,7663],
		[163,7728],
		[164,7793],
		[165,7859],
		[166,7924],
		[167,7989],
		[168,8054],
		[169,8119],
		[170,8185],
		[171,8250],
		[172,8315],
		[173,8380],
		[174,8446],
		[175,8511],
		[176,8576],
		[177,8641],
		[178,8706],
		[179,8772],
		[180,8837],
		[181,8902],
		[182,8967],
		[183,9032],
		[184,9098],
		[185,9163],
		[186,9228],
		[187,9293],
		[188,9358],
		[189,9424],
		[190,9489],
		[191,9554],
		[192,9619],
		[193,9685],
		[194,9750],
		[195,9815],
		[196,9880],
		[197,9945],
		[198,10011],
		[199,10076],
		[200,10141],
		[201,10206],
		[202,10271],
		[203,10337],
		[204,10402],
		[205,10467],
		[206,10532],
		[207,10597],
		[208,10663],
		[209,10728],
		[210,10793],
		[211,10858],
		[212,10923],
		[213,10989],
		[214,11054],
		[215,11119],
		[216,11184],
		[217,11250],
		[218,11315],
		[219,11380],
		[220,11445],
		[221,11510],
		[222,11576],
		[223,11641],
		[224,11706],
		[225,11771],
		[226,11836],
		[227,11902],
		[228,11967],
		[229,12032],
		[230,12097],
		[231,12162],
		[232,12228],
		[233,12293],
		[234,12358],
		[235,12423],
		[236,12489],
		[237,12554],
		[238,12619],
		[239,12684],
		[240,12749],
		[241,12815],
		[242,12880],
		[243,12945],
		[244,13010],
		[245,13075],
		[246,13141],
		[247,13206],
		[248,13271],
		[249,13336],
		[250,13401],
		[251,13467],
		[252,13532],
		[253,13597],
		[254,13662],
		[255,13695]
	]
}
