{
	"ramperbrightness": {
		"sectiondown": [
			[-2.303418803,6542.098291],
			[-3.280737705,8085.284836],
			[-5.104072398,10074.54299],
			[-6.980392157,11706.94118],
			[-11.89108911,15227.91089],
			[-22.10576923,21520.15385],
			[-54.80645161,38262.90323],
			[-56.69565217,39113.04348],
			[-71.78125,45554.59375],
			[-67.5,43863.5],
			[-92.57142857,53616.28571],
			[-115.8947368,62362.52632],
			[-126.4705882,66127.52941],
			[-163.1111111,77925.77778],
			[-178.5714286,82486.57143],
			[-86.53333333,56623.86667],
			[-86.73333333,56677.06667],
			[-84.5,56116.5],
			[-103.3703704,60739.74074],
			[-128,66109],
			[-117.097561,64004.82927],
			[-154.7692308,69730.92308],
			[-212.2857143,77725.71429],
			[-89.88888889,61569.33333],
			[-66,58631],
			[-75,59630],
			[-40.72727273,56716.81818],
			[-89.6,60333.4],
			[-104,61255],
			[-57.42105263,58506.84211],
			[-101,60250],
			[-59.3,58873.9],
			[-126,60408]
		],
		"section_downpoint": [1579,1091,870,717,616,512,450,427,395,389,375,356,322,295,281,266,251,245,218,193,152,139,132,123,111,85,74,64,59,40,33,23,4],
		"section_down_min_step": [27,19,12,9,6,3,2,2,1,1,1,1,1,1,1,1,1,1,1,1,1,1,1,1,1,1,1,1,1,1,1,1,1],
		"sectiondowngapminone": 20,
		"sectiondowngapmintwo": 80,
		"sectiondownkeybr": 450,
		"downlcmFlickValue": 2,
		"uptotaltime": 2800,
		"uplimmitcount": 25,
		"section_uppoint": [510,1433],
		"quickupstep": [46,84,76],
		"quickupgap": [20,0,0],
		"quickdownstep": [6,10,14,67],
		"quickdowngap": [40,40,30,20],
		"quick_sectionpoint": [1108,640,392,4],
		"pemtotaltime": 10000
	}
}